<rss version="2.0" xmlns:atom="http://www.w3.org/2005/Atom">
  <channel>
    <title>index on Adam Angle</title>
    <link>https://www.adamangle.com/tags/index/</link>
    <description>Recent content in index on Adam Angle</description>
    <generator>Hugo -- gohugo.io</generator>
    <language>en-us</language>
    
        <atom:link href="https://www.adamangle.com/tags/index/index.xml" rel="self" type="application/rss+xml" />
    
    
    <item>
      <title>Blog</title>
      <link>https://www.adamangle.com/post/</link>
      <pubDate>Mon, 01 Jan 0001 00:00:00 +0000</pubDate>
      
      <guid>https://www.adamangle.com/post/</guid>
      <description></description>
    </item>
    
  </channel>
</rss>