<rss version="2.0" xmlns:atom="http://www.w3.org/2005/Atom">
  <channel>
    <title>Blog on Adam Angle</title>
    <link>https://www.adamangle.com/post/</link>
    <description>Recent content in Blog on Adam Angle</description>
    <generator>Hugo -- gohugo.io</generator>
    <language>en-us</language>
    
        <atom:link href="https://www.adamangle.com/post/index.xml" rel="self" type="application/rss+xml" />
    
    
    <item>
      <title>Markdown Test</title>
      <link>https://www.adamangle.com/post/test/</link>
      <pubDate>Mon, 01 Jan 0001 00:00:00 +0000</pubDate>
      
      <guid>https://www.adamangle.com/post/test/</guid>
      <description>&lt;p&gt;Some content will go here soon.&lt;/p&gt;
</description>
    </item>
    
  </channel>
</rss>